City_ID,City,Cloudiness,Country,Date,Humidity,Lat,Lng,Max Temp,Wind Speed
0,pangkalanbuun,48,ID,1554490363,94,-2.68,111.62,74.12,2.73
1,mataura,0,NZ,1554490364,80,-46.19,168.86,25.61,3.18
2,barrow,0,AR,1554490364,61,-38.31,-60.23,68.36,4.63
3,rikitea,56,PF,1554490364,100,-23.12,-134.97,76.64,15.37
4,povenets,0,RU,1554490364,80,62.85,34.83,30.11,7.2
5,atuona,56,PF,1554490364,99,-9.8,-139.03,82.31,14.7
6,saint-philippe,1,CA,1554490300,37,45.36,-73.48,41.0,5.82
7,nikolskoye,0,RU,1554490236,33,59.7,30.79,46.4,11.18
8,san pedro,0,AR,1554489906,43,-33.68,-59.66,72.0,4.0
9,klaksvik,44,FO,1554488400,81,62.23,-6.59,42.8,3.36
10,ponta delgada,75,PT,1554490324,67,37.73,-25.67,57.2,18.34
11,puerto ayora,40,EC,1554490079,62,-0.74,-90.35,87.8,8.05
12,gamba,0,CN,1554490368,53,28.28,88.52,2.39,2.28
13,elizabeth city,90,US,1554490067,72,36.3,-76.22,68.0,9.17
14,kodiak,75,US,1554490247,48,39.95,-94.76,63.0,8.05
15,port alfred,92,ZA,1554490313,86,-33.59,26.89,62.01,7.99
16,georgetown,40,GY,1554487200,70,6.8,-58.16,86.0,13.87
17,havre-saint-pierre,40,CA,1554488640,54,50.23,-63.6,28.4,29.97
18,upernavik,32,GL,1554490369,100,72.79,-56.15,16.34,18.16
19,punta arenas,90,CL,1554490350,81,-53.16,-70.91,55.4,29.97
20,yoshii,1,JP,1554490257,50,36.25,138.98,52.0,8.21
21,constitucion,90,MX,1554490216,13,23.99,-104.67,72.0,14.99
22,touros,40,BR,1554487200,74,-5.2,-35.46,86.0,9.17
23,kapaa,1,US,1554490105,68,22.08,-159.32,75.2,8.05
24,new norfolk,75,AU,1554490336,67,-42.78,147.06,61.0,10.29
25,kurilsk,80,RU,1554490370,97,45.23,147.88,29.84,14.25
26,caapora,20,BR,1554487200,55,-7.52,-34.91,87.8,12.75
27,sile,1,US,1554490359,23,35.56,-106.37,66.99,6.93
28,broome,0,GB,1554490333,75,52.47,1.45,50.0,9.17
29,albany,90,US,1554490087,47,42.65,-73.75,44.01,9.17
30,hobart,75,AU,1554490279,67,-42.88,147.33,61.0,10.29
31,adrar,0,DZ,1554487200,19,27.87,-0.29,78.8,11.41
32,ushuaia,75,AR,1554487200,66,-54.81,-68.31,53.6,18.34
33,mar del plata,0,AR,1554490244,37,-46.43,-67.52,73.04,25.43
34,egvekinot,0,RU,1554490371,47,66.32,-179.17,-3.28,2.17
35,yellowknife,20,CA,1554490328,56,62.45,-114.38,14.0,8.05
36,vaini,8,IN,1554490372,86,15.34,74.49,71.96,2.62
37,kaitangata,0,NZ,1554490372,65,-46.28,169.85,30.47,2.62
38,carnarvon,0,ZA,1554490372,45,-30.97,22.13,58.46,11.23
39,bluff,24,AU,1554490372,75,-23.58,149.07,66.02,8.55
40,troitsko-pechorsk,8,RU,1554490372,67,62.71,56.19,28.67,6.64
41,tuxpan,5,MX,1554486000,35,19.56,-103.38,84.2,3.4
42,coquimbo,20,CL,1554487200,77,-29.95,-71.34,64.4,10.29
43,victoria,75,BN,1554489000,88,5.28,115.24,80.6,5.97
44,butaritari,64,KI,1554490374,100,3.07,172.79,82.76,14.47
45,puerto del rosario,40,ES,1554487200,59,28.5,-13.86,66.2,14.99
46,thompson,75,CA,1554487200,44,55.74,-97.86,17.6,8.05
47,provideniya,0,RU,1554490375,100,64.42,-173.23,17.24,6.2
48,taboga,12,NG,1554490375,60,6.37,5.65,87.35,4.29
49,rocha,44,UY,1554490375,68,-34.48,-54.34,68.63,17.05
50,port elizabeth,90,US,1554490367,65,39.31,-74.98,48.2,11.41
51,souillac,48,FR,1554490285,58,45.6,-0.6,54.0,2.24
52,college,1,US,1554490241,39,64.86,-147.8,32.0,10.29
53,busselton,0,AU,1554490363,52,-33.64,115.35,48.99,11.9
54,torbay,75,CA,1554490105,63,47.66,-52.73,33.01,26.4
55,jamestown,0,AU,1554490316,88,-33.21,138.6,55.76,8.77
56,hithadhoo,8,MV,1554490376,100,-0.6,73.08,84.74,4.74
57,bredasdorp,0,ZA,1554490010,76,-34.53,20.04,61.0,4.7
58,puno,0,PE,1554487200,22,-15.84,-70.03,59.0,4.7
59,half moon bay,75,US,1554490372,93,37.46,-122.43,57.99,6.93
60,wakkanai,56,JP,1554490377,100,45.41,141.67,34.88,22.86
61,khandyga,48,RU,1554490377,69,62.65,135.58,13.1,2.28
62,ponta do sol,12,BR,1554490377,99,-20.63,-46.0,78.26,4.29
63,grand gaube,40,MU,1554490141,88,-20.01,57.66,78.8,8.05
64,sabha,92,LY,1554490377,69,27.03,14.43,69.62,15.48
65,caririacu,40,BR,1554487200,55,-7.04,-39.28,87.8,4.7
66,marawi,0,PH,1554490170,88,8.0,124.29,75.99,1.01
67,tuktoyaktuk,5,CA,1554487200,76,69.44,-133.03,-9.41,6.93
68,guerrero negro,0,MX,1554490378,67,27.97,-114.04,66.47,11.9
69,dickinson,90,US,1554489822,53,46.88,-102.79,63.0,12.75
70,dikson,32,RU,1554490378,100,73.51,80.55,14.09,11.45
71,rawson,8,AR,1554490321,28,-43.3,-65.11,73.67,12.01
72,cooma,68,AU,1554487200,93,-36.24,149.13,53.6,8.05
73,grindavik,40,IS,1554490332,100,63.84,-22.43,42.8,8.05
74,linqiong,0,CN,1554487200,82,30.42,103.46,59.0,1.72
75,jiaocheng,0,CN,1554490379,89,24.68,116.14,60.53,2.39
76,arraial do cabo,0,BR,1554487200,62,-22.97,-42.02,93.2,13.87
77,promyshlennaya,0,RU,1554487200,43,54.92,85.64,33.8,15.66
78,machalpur,12,IN,1554490379,47,24.13,76.3,75.38,2.39
79,los llanos de aridane,75,ES,1554489361,59,28.66,-17.92,66.2,12.75
80,castro,75,CL,1554487200,63,-42.48,-73.76,60.8,3.36
81,esperance,20,TT,1554490219,52,10.24,-61.45,89.6,14.99
82,najran,75,SA,1554487200,47,17.54,44.22,80.6,13.87
83,cockburn town,12,TC,1554490207,94,21.46,-71.14,79.61,16.82
84,itupiranga,75,BR,1554487200,74,-5.13,-49.33,84.2,4.7
85,russell,0,AR,1554487200,15,-33.01,-68.8,75.2,12.75
86,port lincoln,36,AU,1554490381,100,-34.72,135.86,60.35,10.67
87,marrakesh,40,MA,1554487200,93,31.63,-7.99,53.6,9.17
88,vysokogornyy,80,RU,1554490381,76,50.1,139.13,24.17,6.2
89,praya,40,ID,1554487200,100,-8.71,116.27,75.2,3.06
90,ludvika,90,SE,1554490236,100,60.15,15.18,30.99,2.24
91,norman wells,5,CA,1554487200,56,65.28,-126.83,15.8,13.87
92,cape town,0,ZA,1554490330,63,-33.93,18.42,64.0,20.8
93,dhidhdhoo,0,MV,1554490382,100,6.88,73.1,85.28,5.19
94,bambous virieux,40,MU,1554490141,88,-20.34,57.76,78.8,8.05
95,hermanus,0,ZA,1554490237,74,-34.42,19.24,64.0,8.01
96,terrace,90,CA,1554489904,87,54.52,-128.61,46.99,14.99
97,rundu,68,NA,1554490382,46,-17.91,19.77,80.6,0.94
98,fayaoue,24,NC,1554490383,100,-20.65,166.53,78.62,17.72
99,ballina,75,IE,1554490324,81,54.11,-9.15,50.0,8.05
100,kiunga,88,PG,1554490383,97,-6.12,141.3,73.22,2.39
101,sao miguel do araguaia,0,BR,1554490383,80,-13.28,-50.16,85.82,8.66
102,pevek,76,RU,1554490383,87,69.7,170.27,6.44,6.53
103,vao,12,EE,1554490383,70,59.1,26.19,39.02,4.41
104,fairfield,75,US,1554490140,93,38.25,-122.04,57.99,7.65
105,acheng,0,CN,1554487200,80,45.55,126.95,30.2,8.95
106,kruisfontein,20,ZA,1554490384,83,-34.0,24.73,61.07,2.62
107,kamenka,80,RU,1554490050,80,53.19,44.05,36.0,6.87
108,komsomolskiy,76,RU,1554490385,87,67.55,63.78,21.92,24.09
109,qaanaaq,36,GL,1554490385,88,77.48,-69.36,5.72,9.66
110,chokurdakh,64,RU,1554490386,51,70.62,147.9,5.09,3.29
111,severo-kurilsk,80,RU,1554490386,94,50.68,156.12,32.9,8.1
112,fortuna,40,ES,1554490368,62,38.18,-1.13,59.0,6.93
113,airai,32,TL,1554490387,90,-8.93,125.41,68.9,2.17
114,tasiilaq,20,GL,1554486600,54,65.61,-37.64,28.4,19.46
115,port augusta,0,AU,1554490250,77,-32.49,137.76,59.0,9.17
116,xai-xai,64,MZ,1554490387,94,-25.04,33.64,78.71,14.25
117,sulangan,68,PH,1554490388,100,11.14,123.72,80.69,11.79
118,alofi,48,NU,1554490388,100,-19.06,-169.92,80.96,15.48
119,huallanca,0,PE,1554490388,32,-9.9,-76.94,62.15,2.17
120,avarua,56,CK,1554487200,88,-21.21,-159.78,75.2,3.36
121,juneau,90,US,1554486960,86,58.3,-134.42,39.2,2.73
122,shimsk,0,RU,1554490389,51,58.21,30.71,40.73,5.19
123,ribeira grande,75,PT,1554489000,72,38.52,-28.7,60.8,18.34
124,clyde river,75,CA,1554487200,84,70.47,-68.59,1.4,13.87
125,sao felix do xingu,88,BR,1554490392,86,-6.64,-51.99,79.07,2.62
126,pavlovka,92,RU,1554490392,97,52.69,47.13,33.17,5.75
127,yar-sale,76,RU,1554490393,80,66.83,70.83,24.26,30.36
128,mahebourg,40,MU,1554490141,88,-20.41,57.7,78.8,8.05
129,cayenne,92,GF,1554489000,74,4.94,-52.33,82.4,12.75
130,loa janan,36,ID,1554490393,99,-0.58,117.09,74.93,2.06
131,jining,0,CN,1554489333,54,35.41,116.58,66.0,15.14
132,arkhara,36,RU,1554490393,53,49.42,130.09,28.85,4.18
133,makakilo city,75,US,1554490011,77,21.35,-158.09,75.99,3.06
134,hambantota,0,LK,1554487800,100,6.12,81.12,77.0,2.24
135,inhambane,20,MZ,1554487200,83,-23.87,35.38,78.8,5.82
136,sao filipe,0,CV,1554490394,93,14.9,-24.5,71.87,17.38
137,huanren,0,CN,1554490394,68,41.26,125.37,25.52,2.17
138,la rioja,0,AR,1554490394,77,-29.41,-66.86,69.44,3.51
139,harrisburg,90,US,1554490390,64,40.27,-76.89,46.4,5.82
140,gubkinskiy,92,RU,1554490354,97,64.43,76.5,33.35,14.14
141,alice springs,0,AU,1554489000,45,-23.7,133.88,62.6,4.7
142,matagami,80,NG,1554490395,35,9.67,8.4,86.81,3.74
143,marsh harbour,68,BS,1554490215,98,26.54,-77.06,76.37,14.47
144,pontes e lacerda,48,BR,1554490228,75,-15.23,-59.33,85.01,10.33
145,pierre,1,US,1554490098,62,44.37,-100.35,60.01,4.7
146,novo aripuana,76,BR,1554490395,71,-5.12,-60.38,87.71,2.28
147,takoradi,0,GH,1554490396,92,4.89,-1.75,84.83,13.8
148,lavrentiya,0,RU,1554490396,86,65.58,-170.99,8.69,4.74
149,araouane,0,ML,1554490396,16,18.9,-3.53,93.29,11.23
150,ancud,75,CL,1554487200,63,-41.87,-73.83,60.8,3.36
151,iqaluit,90,CA,1554490325,85,63.75,-68.52,23.0,8.05
152,khatanga,0,RU,1554490396,66,71.98,102.47,8.06,11.68
153,ostrovnoy,0,RU,1554490396,77,68.05,39.51,20.21,10.67
154,ilulissat,75,GL,1554486600,40,69.22,-51.1,37.4,31.09
155,zavodskoy,40,RU,1554485400,81,43.1,44.65,44.6,8.95
156,neiafu,20,TO,1554487200,94,-18.65,-173.98,75.2,9.78
157,mweka,0,CD,1554490397,82,-4.85,21.56,80.87,2.73
158,velingara,0,SN,1554487200,19,13.64,-16.01,98.6,9.17
159,hobyo,0,SO,1554490397,90,5.35,48.53,78.89,8.77
160,itarema,92,BR,1554490398,100,-2.92,-39.92,79.16,2.17
161,saint george,90,GR,1554489806,76,39.45,22.34,57.2,12.75
162,flin flon,75,CA,1554487200,49,54.77,-101.88,26.6,5.82
163,kangaatsiaq,32,GL,1554490398,88,68.31,-53.46,32.36,19.84
164,saskylakh,0,RU,1554490398,57,71.97,114.09,2.57,5.97
165,cocobeach,20,GA,1554489000,88,1.01,9.58,78.8,3.36
166,usinsk,12,RU,1554490399,87,66.0,57.56,22.46,12.01
167,tezu,0,IN,1554490399,85,27.93,96.16,54.41,1.61
168,cherskiy,0,RU,1554490399,72,68.75,161.3,0.95,3.62
169,namibe,0,AO,1554490399,100,-15.19,12.15,78.26,3.96
170,norrtalje,90,SE,1554490382,93,59.76,18.7,39.99,12.75
171,kandrian,56,PG,1554490400,100,-6.21,149.55,75.29,0.6
172,nome,90,US,1554490392,73,30.04,-94.42,79.0,8.05
173,east london,90,ZA,1554487200,93,-33.02,27.91,59.0,4.7
174,qaqortoq,75,GL,1554486600,35,60.72,-46.03,39.2,34.45
175,abu dhabi,0,AE,1554487200,61,24.47,54.37,84.2,5.82
176,henties bay,0,NA,1554487327,90,-22.12,14.28,60.01,3.0
177,laguna,5,MX,1554486000,24,27.52,-110.01,80.6,10.29
178,yulara,0,AU,1554487200,30,-25.24,130.99,68.0,8.05
179,zemio,0,CF,1554490401,54,5.02,25.13,77.09,5.97
180,hilo,1,US,1554490248,64,19.71,-155.08,75.99,6.93
181,caravelas,0,BR,1554490401,98,-17.73,-39.27,82.67,13.13
182,escanaba,90,US,1554490400,86,45.75,-87.06,41.0,4.7
183,lev tolstoy,80,RU,1554490401,88,53.21,39.45,37.4,3.29
184,nevsehir,0,TR,1554488400,57,38.62,34.71,50.0,10.29
185,saint anthony,90,US,1554490226,76,43.97,-111.68,52.0,18.34
186,lasa,20,CY,1554490174,87,34.92,32.53,62.6,8.05
187,vostok,68,RU,1554490402,80,46.45,135.83,23.54,2.95
188,soyo,36,AO,1554490402,92,-6.13,12.37,80.96,4.97
189,poum,75,MK,1554489000,66,41.28,20.71,50.0,3.36
190,nioro,0,GM,1554490402,24,13.79,-15.05,99.14,7.99
191,zyryanskoye,0,RU,1554490403,81,56.83,86.62,21.65,4.74
192,wajir,76,KE,1554490403,41,1.75,40.07,88.79,6.76
193,port macquarie,40,AU,1554490205,100,-31.43,152.91,60.01,2.28
194,corcoran,1,US,1554490356,48,36.1,-119.56,66.0,5.82
195,awbari,92,LY,1554490403,39,26.59,12.77,77.09,8.21
196,porto real do colegio,44,BR,1554490403,78,-10.19,-36.84,86.27,8.21
197,les cayes,48,HT,1554490403,94,18.19,-73.75,81.41,12.24
198,nivala,24,FI,1554490205,88,63.93,24.96,35.01,1.99
199,ocho rios,75,JM,1554487200,62,18.41,-77.1,84.2,16.11
200,mayo,5,CA,1554487200,32,63.59,-135.9,23.0,10.29
201,usvyaty,0,RU,1554490404,51,55.75,30.75,39.29,7.65
202,nantucket,1,US,1554490230,38,41.28,-70.1,44.01,12.75
203,kavieng,56,PG,1554490404,100,-2.57,150.8,82.94,5.64
204,bud,0,NO,1554490031,53,62.91,6.91,51.8,8.05
205,sola,0,FI,1554488400,69,62.78,29.36,39.2,6.93
206,ust-nera,8,RU,1554490405,69,64.57,143.24,4.55,1.83
207,faya,0,SA,1554487200,82,18.39,42.45,66.2,6.93
208,williams lake,90,CA,1554487200,55,52.13,-122.14,48.2,25.28
209,santa isabel,75,CO,1554487200,78,4.71,-75.1,78.8,4.7
210,batemans bay,68,AU,1554490047,88,-35.71,150.18,52.0,7.2
211,sitka,0,US,1554489909,40,37.17,-99.65,78.01,18.01
212,koumac,68,NC,1554490406,100,-20.56,164.28,72.32,3.4
213,zyryanka,56,RU,1554490406,76,65.73,150.89,11.57,4.85
214,harindanga,75,IN,1554489000,73,22.04,88.32,77.0,7.65
215,atar,8,MR,1554490407,23,20.52,-13.05,83.21,6.53
216,nam phong,24,TH,1554487200,88,16.71,102.87,75.2,2.24
217,parrita,0,CR,1554490392,56,9.52,-84.33,77.0,18.34
218,zion,90,US,1554490396,70,42.45,-87.83,57.0,3.36
219,port hardy,75,CA,1554487200,76,50.7,-127.42,51.8,13.87
220,constantine,40,DZ,1554489000,87,36.36,6.61,50.0,2.24
221,codrington,90,AU,1554490376,100,-28.95,153.24,64.4,2.84
222,novoagansk,56,RU,1554490408,74,61.94,76.66,35.15,11.45
223,te anau,0,NZ,1554490408,76,-45.41,167.72,19.67,2.28
224,kayes,0,ML,1554490408,25,14.44,-11.44,100.58,8.99
225,vila velha,32,BR,1554488890,80,-3.71,-38.6,82.99,3.0
226,verkhnevilyuysk,32,RU,1554490409,73,63.45,120.31,25.25,0.6
227,moose factory,90,CA,1554488280,90,51.26,-80.61,32.0,13.87
228,muisne,40,EC,1554487200,83,0.61,-80.02,84.2,8.05
229,maltahohe,0,NA,1554490409,30,-24.83,16.98,64.22,2.84
230,roshal,44,RU,1554490409,86,55.66,39.88,38.21,8.43
231,padang,20,ID,1554490409,100,-0.92,100.36,83.39,6.64
232,geraldton,90,CA,1554487200,80,49.72,-86.95,35.6,6.93
233,vila franca do campo,75,PT,1554490384,67,37.72,-25.43,57.2,18.34
234,tessalit,0,ML,1554490410,20,20.2,1.01,92.39,10.78
235,tashla,0,RU,1554487200,74,53.71,49.75,37.4,4.47
236,lata,68,IN,1554490410,96,30.78,78.62,49.28,2.06
237,suzzara,75,IT,1554490276,81,44.99,10.74,57.2,3.36
238,artyom,0,RU,1554487200,80,43.36,132.19,32.0,2.24
239,copiapo,0,CL,1554487200,53,-27.37,-70.33,73.4,8.05
240,meulaboh,48,ID,1554490411,100,4.14,96.13,81.41,4.18
241,cangzhou,0,CN,1554490411,49,38.3,116.85,50.99,12.46
242,crossfield,90,CA,1554490390,60,51.43,-114.03,46.99,13.87
243,putina,0,PE,1554487200,22,-14.91,-69.87,59.0,4.7
244,oranjemund,0,ZA,1554490411,94,-28.55,16.43,60.26,25.1
245,nabire,20,ID,1554490412,90,-3.36,135.5,68.81,2.06
246,husavik,32,CA,1554490230,92,50.56,-96.99,33.01,5.01
247,waingapu,8,ID,1554490412,98,-9.65,120.26,72.05,2.95
248,sangar,56,RU,1554490412,78,63.92,127.47,19.67,0.94
249,uhlove,0,UA,1554490412,80,44.82,33.6,45.14,9.33
250,aykhal,88,RU,1554490412,85,65.95,111.51,19.22,2.95
251,cabo san lucas,40,MX,1554490266,39,22.89,-109.91,86.0,8.05
252,barabinsk,88,RU,1554490413,70,55.35,78.35,33.44,11.45
253,beringovskiy,8,RU,1554490413,94,63.05,179.32,6.62,8.21
254,valparaiso,90,US,1554490412,81,41.47,-87.06,57.0,3.36
255,chumphon,20,TH,1554490413,86,10.5,99.18,76.19,1.39
256,matadi,24,CD,1554490413,74,-5.83,13.46,84.92,3.96
257,olinda,75,EC,1554490224,74,-2.03,-79.75,86.0,6.93
258,saint-augustin,0,FR,1554490285,58,44.83,-0.61,55.4,3.36
259,robertson,0,ZA,1554490414,77,-33.8,19.88,51.26,2.73
260,kualakapuas,68,ID,1554487200,94,-3.01,114.39,78.8,4.7
261,roald,0,NO,1554490031,81,62.58,6.12,51.8,3.36
262,awjilah,92,LY,1554490414,68,29.14,21.3,69.26,12.24
263,george town,75,MY,1554489000,79,5.42,100.33,84.2,2.24
264,smirnykh,36,RU,1554490414,76,49.74,142.83,24.17,6.64
265,ixtapa,75,MX,1554490258,74,20.71,-105.21,78.8,12.75
266,aksarka,56,RU,1554490415,80,66.56,67.8,24.26,24.76
267,hami,0,CN,1554490415,50,42.84,93.51,47.12,1.95
268,vardo,90,US,1554490413,93,39.62,-77.74,48.0,3.36
269,wladyslawowo,0,PL,1554490306,57,54.79,18.4,53.01,9.17
270,tenenkou,0,ML,1554490415,22,14.46,-4.91,100.04,10.22
271,necochea,0,AR,1554489681,44,-38.55,-58.74,66.99,1.99
272,pisco,0,PE,1554487200,30,-13.71,-76.2,71.6,10.29
273,lubango,12,AO,1554490416,80,-14.92,13.49,73.04,3.06
274,liverpool,20,GB,1554490120,62,53.41,-2.98,53.01,11.41
275,hasaki,0,JP,1554489576,47,35.73,140.83,55.4,10.29
276,senanga,64,ZM,1554490416,53,-16.1,23.3,82.85,2.95
277,artesia,1,US,1554490401,22,32.84,-104.4,69.01,6.93
278,moba,8,CD,1554490417,95,-7.04,29.77,71.78,1.95
279,kyabe,0,TD,1554490417,17,9.45,18.94,88.07,6.87
280,karasburg,0,NA,1554490417,35,-28.01,18.75,64.76,5.41
281,maldonado,40,UY,1554487200,68,-34.91,-54.96,68.0,14.99
282,malanje,8,AO,1554490417,89,-9.54,16.35,72.41,2.06
283,fuerte olimpo,88,BR,1554490418,100,-21.04,-57.87,78.71,4.63
284,namatanai,76,PG,1554490418,100,-3.66,152.44,80.42,1.95
285,calderitas,40,MX,1554486360,62,18.55,-88.26,87.8,16.11
286,miri,0,NG,1554490418,25,10.31,9.75,88.07,4.29
287,kautokeino,0,NO,1554490418,74,69.01,23.04,22.82,7.43
288,shimoda,0,JP,1554490212,33,34.7,138.93,61.0,24.54
289,dukat,8,RS,1554490141,61,42.44,22.31,52.0,3.0
290,kabompo,0,ZM,1554490419,48,-13.6,24.21,75.92,6.08
291,viseu,40,PT,1554490072,66,40.66,-7.91,52.0,8.05
292,tabou,44,CI,1554490419,100,4.42,-7.36,82.49,17.72
293,dali,80,CN,1554490419,100,25.6,100.24,46.85,2.17
294,bethel,90,US,1554486960,67,60.79,-161.76,23.0,11.41
295,fairbanks,1,US,1554490072,39,64.84,-147.72,32.0,10.29
296,kiruna,0,SE,1554488400,62,67.86,20.23,24.8,9.17
297,marzuq,0,YE,1554490420,59,14.4,46.47,65.93,3.62
298,hualmay,20,PE,1554490420,76,-11.1,-77.61,75.38,5.53
299,champerico,5,MX,1554486000,32,16.38,-93.6,93.2,3.36
300,sinnamary,88,GF,1554490420,88,5.38,-52.96,82.22,10.67
301,palmer,40,US,1554490405,59,61.6,-149.11,36.0,2.95
302,hrinova,0,SK,1554489000,58,48.58,19.53,57.2,2.24
303,aleksandrovsk-sakhalinskiy,80,RU,1554490421,89,50.9,142.16,29.12,12.01
304,talnakh,80,RU,1554490421,89,69.49,88.39,23.0,22.08
305,doha,75,QA,1554487200,69,25.29,51.53,78.8,4.7
306,zhangjiakou,92,CN,1554490224,51,40.77,114.88,43.61,5.97
307,bubaque,0,GW,1554490421,68,11.28,-15.83,90.41,8.77
308,bathsheba,75,BB,1554487200,65,13.22,-59.52,82.4,21.92
309,raver,0,IN,1554490422,28,21.25,76.04,84.47,8.66
310,westport,75,IE,1554490324,81,53.8,-9.52,50.0,8.05
311,santa maria,75,BR,1554487200,68,-29.69,-53.81,71.6,5.82
312,kasane,0,BW,1554487200,30,-17.8,25.16,82.4,4.7
313,lahaina,1,US,1554489978,64,20.87,-156.68,75.2,4.7
314,ukiah,90,US,1554490224,81,39.15,-123.21,55.99,6.93
315,marienburg,75,DE,1554490418,87,52.12,9.98,48.99,3.36
316,faanui,64,PF,1554490424,100,-16.48,-151.75,84.02,14.81
317,natchitoches,90,US,1554489774,82,31.76,-93.09,68.0,6.93
318,lompoc,90,US,1554490393,62,34.64,-120.46,63.0,3.36
319,beihai,0,CN,1554490241,20,38.95,121.19,52.0,6.71
320,lebu,75,ET,1554487200,55,8.96,38.73,66.2,6.93
321,byron bay,100,AU,1554490376,82,-28.65,153.62,64.4,5.82
322,izvoarele sucevei,56,RO,1554490378,60,47.76,25.18,48.0,5.64
323,tiksi,0,RU,1554490425,64,71.64,128.87,8.6,3.18
324,banjar,24,ID,1554490425,94,-7.37,108.54,68.81,2.17
325,puerto escondido,5,MX,1554486060,70,15.86,-97.07,84.2,13.87
326,dubbo,44,AU,1554489000,87,-32.25,148.6,60.8,11.41
327,oeiras do para,76,BR,1554490299,82,-2.0,-49.85,83.66,4.97
328,zaysan,24,KZ,1554490425,68,47.47,84.87,41.18,5.41
329,melnikovo,0,RU,1554490229,66,56.55,84.09,32.0,7.65
330,port-cartier,20,CA,1554489938,30,50.03,-66.88,32.0,16.11
331,pangian,8,ID,1554490426,95,-0.48,100.77,68.81,2.39
332,rafai,0,CF,1554490426,50,4.95,23.92,80.96,10.0
333,portree,0,GB,1554489920,56,57.41,-6.19,53.01,5.01
334,shangrao,8,CN,1554490426,92,28.45,117.97,49.37,1.95
335,qujing,80,CN,1554490427,93,25.49,103.8,50.45,3.18
336,portland,90,US,1554490265,100,45.52,-122.67,53.01,5.82
337,bastia,20,IT,1554490416,66,44.6,8.98,55.4,5.82
338,kahului,20,US,1554490235,69,20.89,-156.47,75.2,5.75
339,lubao,90,PH,1554490385,83,14.94,120.6,84.99,4.7
340,flinders,68,AU,1554490146,100,-34.58,150.85,64.99,5.82
341,tuatapere,0,NZ,1554490428,100,-46.13,167.69,39.47,6.98
342,podyuga,0,RU,1554490428,72,61.09,40.86,24.35,5.41
343,dalby,0,AU,1554489973,93,-27.18,151.26,55.99,4.7
344,igrim,76,RU,1554490428,88,63.19,64.42,30.56,7.76
345,la palma,48,CO,1554490429,64,5.36,-74.39,79.34,2.62
346,waynesboro,90,US,1554490323,68,35.32,-87.76,66.2,3.18
347,saurimo,76,AO,1554490429,93,-9.66,20.4,71.42,0.27
348,chateaubelair,75,VC,1554489995,83,13.28,-61.25,82.4,11.41
349,ayan,64,TR,1554490430,56,40.67,33.6,44.42,2.17
350,kasongo-lunda,36,CD,1554490430,93,-6.48,16.82,75.56,1.61
351,noyabrsk,64,RU,1554490249,89,63.2,75.45,34.07,16.04
352,tiznit,100,MA,1554490430,97,29.7,-9.73,57.74,13.13
353,cumberland,90,US,1554490416,35,41.97,-71.43,48.99,13.87
354,kaitong,12,CN,1554490431,40,44.81,123.15,34.79,11.12
355,tandil,0,AR,1554489912,29,-37.33,-59.14,73.0,4.0
356,auki,0,NG,1554490431,24,12.18,6.51,91.49,4.18
357,chapais,20,CA,1554487200,36,49.78,-74.86,30.2,16.11
358,vlasenica,75,BA,1554489000,100,44.18,18.94,48.2,6.93
359,douentza,0,ML,1554490431,21,15.01,-2.95,98.24,7.65
360,toktogul,92,KG,1554490185,28,41.87,72.95,45.0,1.99
361,darab,32,IR,1554490432,59,28.75,54.55,53.51,0.94
362,de aar,12,ZA,1554490432,59,-30.65,24.01,60.35,10.67
363,rio grande,90,BR,1554487200,69,-32.03,-52.1,75.2,16.11
364,roebourne,0,AU,1554490432,84,-20.77,117.15,64.76,2.84
365,lodeynoye pole,0,RU,1554490432,76,60.73,33.55,29.66,2.62
366,torrington,1,US,1554490392,24,42.06,-104.18,73.0,6.93
367,maniitsoq,48,GL,1554490433,84,65.42,-52.9,35.96,18.84
368,deder,36,ET,1554490433,75,9.31,41.44,70.34,2.62
369,kulhudhuffushi,0,MV,1554490433,100,6.62,73.07,85.28,5.19
370,petropavlovsk-kamchatskiy,40,RU,1554487200,69,53.05,158.65,35.6,8.95
371,redmond,90,US,1554490176,71,47.67,-122.12,60.01,6.93
372,payo,8,ID,1554490433,93,-3.75,103.64,71.51,1.72
373,kalmunai,76,LK,1554490434,98,7.42,81.82,74.39,3.4
374,tura,76,IN,1554490434,97,25.52,90.21,66.83,3.18
375,micheweni,92,TZ,1554490434,100,-4.97,39.83,83.48,7.43
376,acajutla,20,SV,1554485771,81,13.59,-89.83,77.0,1.99
377,rio gallegos,75,AR,1554487200,37,-51.62,-69.22,71.6,16.11
378,atocha,40,EC,1554489914,43,-1.22,-78.6,77.0,4.7
379,skibbereen,75,IE,1554489000,87,51.55,-9.27,44.6,14.99
380,sovetskoye,0,UA,1554490435,64,45.57,34.49,40.1,7.31
381,shetpe,100,KZ,1554490435,49,44.14,52.16,55.85,9.89
382,godfrey,90,US,1554490421,87,38.96,-90.19,57.0,6.93
383,burgeo,32,CA,1554490435,99,47.61,-57.61,30.38,36.62
384,turukhansk,88,RU,1554490435,90,65.8,87.96,32.18,23.31
385,erzin,20,TR,1554488400,67,36.95,36.2,59.0,2.62
386,north bay,90,CA,1554490026,51,46.31,-79.46,39.0,9.17
387,salalah,0,OM,1554486600,78,17.01,54.1,80.6,3.36
388,zhigansk,44,RU,1554490436,73,66.77,123.37,20.3,5.75
389,cassilandia,56,BR,1554490323,73,-19.11,-51.73,86.27,7.99
390,naze,40,NG,1554487200,70,5.43,7.07,86.0,5.82
391,longyearbyen,75,NO,1554490200,62,78.22,15.63,19.4,18.34
392,mezen,0,RU,1554490436,90,65.85,44.24,21.92,2.95
393,virginia beach,90,US,1554490356,72,36.85,-75.98,64.99,9.17
394,talavera de la reina,48,ES,1554490191,77,39.96,-4.83,42.62,7.31
395,bukama,8,CD,1554490437,76,-9.2,25.85,77.9,4.07
396,haines junction,76,CA,1554490437,82,60.75,-137.51,19.22,2.84
397,deputatskiy,80,RU,1554490437,72,69.3,139.9,7.25,4.52
398,locri,75,IT,1554490207,77,38.24,16.26,61.0,3.36
399,san patricio,92,PY,1554490437,79,-26.98,-56.83,66.65,7.76
400,antofagasta,20,CL,1554487200,68,-23.65,-70.4,68.0,11.41
401,xuddur,0,SO,1554490438,41,4.12,43.89,83.21,8.99
402,svetlaya,64,RU,1554490438,100,46.54,138.33,29.21,5.97
403,svobodnyy,76,RU,1554490416,95,53.85,40.53,36.0,3.0
404,sarangani,20,PH,1554490438,97,5.4,125.46,81.41,7.99
405,cidreira,92,BR,1554490438,90,-30.17,-50.22,69.62,16.93
406,acapulco,5,MX,1554486360,58,16.86,-99.88,86.0,9.17
407,iguape,0,BR,1554490439,65,-24.7,-47.56,91.76,6.98
408,madera,20,US,1554490418,63,36.96,-120.06,64.4,5.75
409,sobolevo,12,RU,1554490439,55,54.43,31.9,38.12,6.42
410,odienne,12,CI,1554490439,30,9.51,-7.57,94.73,5.19
411,palmerston,90,CA,1554490381,80,43.83,-80.85,37.99,10.29
412,barhi,8,IN,1554487200,78,24.31,85.42,80.6,4.7
413,moanda,36,CD,1554490441,92,-5.93,12.38,80.96,4.97
414,bulaevo,0,KZ,1554490441,71,54.91,70.44,19.67,2.84
415,tahe,88,CN,1554490441,59,52.34,124.71,27.86,3.4
416,luanda,20,AO,1554487200,79,-8.83,13.24,84.2,11.41
417,mahajanga,20,MG,1554487200,83,-15.72,46.32,82.4,2.24
418,kavaratti,0,IN,1554490442,100,10.57,72.64,84.74,4.97
419,trincomalee,0,LK,1554490442,90,8.58,81.23,74.66,3.74
420,saldanha,92,PT,1554490442,75,41.42,-6.55,42.98,10.78
421,baiquan,68,CN,1554490442,66,47.61,126.08,30.2,7.43
422,ekibastuz,64,KZ,1554490442,79,51.72,75.32,38.12,12.12
423,buchanan,75,LR,1554489000,94,5.88,-10.05,77.0,11.23
424,gorontalo,20,ID,1554490289,94,0.54,123.06,73.76,1.95
425,avera,90,US,1554490302,68,33.19,-82.53,71.6,10.29
426,srivardhan,0,IN,1554490443,97,18.03,73.02,72.86,3.29
427,pandan,68,PH,1554490443,96,11.72,122.09,81.41,9.22
428,inirida,24,CO,1554490443,61,3.87,-67.92,90.59,0.94
429,burnie,20,AU,1554490425,83,-41.05,145.91,57.0,5.99
430,bara,0,NG,1554490444,32,10.41,10.6,92.39,3.18
431,grande prairie,90,CA,1554487200,86,55.17,-118.79,30.2,8.05
432,saint-joseph,0,FR,1554490225,71,43.56,6.97,55.4,5.82
433,yakeshi,0,CN,1554490444,63,49.28,120.73,13.46,2.73
434,lichtenburg,36,ZA,1554490444,94,-26.15,26.16,55.04,7.99
435,kaele,0,CM,1554490445,19,10.11,14.45,92.48,8.77
436,leningradskiy,64,RU,1554490445,85,69.38,178.42,7.16,18.61
437,chuy,48,UY,1554490445,81,-33.69,-53.46,70.52,23.42
438,whithorn,20,JM,1554490003,70,18.26,-78.04,84.2,13.87
439,comodoro rivadavia,0,AR,1554487200,28,-45.87,-67.48,68.0,29.97
440,zherdevka,44,RU,1554490445,87,51.84,41.47,34.79,5.75
441,moyale,0,ET,1554490445,60,3.52,39.05,75.29,6.64
442,bagan,92,RU,1554490446,90,54.1,77.67,32.54,10.89
443,ahuimanu,40,US,1554490316,78,21.44,-157.84,77.0,5.82
444,evensk,0,RU,1554490446,83,61.92,159.24,29.21,11.01
445,boa vista,40,BR,1554487200,34,2.82,-60.67,95.0,17.22
446,manacapuru,40,BR,1554487200,58,-3.3,-60.62,87.8,6.93
447,gizo,20,IL,1554490390,72,31.8,34.94,62.6,2.24
448,narsaq,75,GL,1554486600,35,60.91,-46.05,39.2,34.45
449,sassandra,20,CI,1554490448,95,4.95,-6.09,84.11,20.62
450,oppdal,92,NO,1554490400,94,62.6,9.69,30.74,2.17
451,misratah,56,LY,1554490448,86,32.38,15.09,63.41,2.39
452,puerto rico,68,PY,1554490448,82,-26.82,-55.03,68.63,4.63
453,shelburne,90,CA,1554490424,69,44.08,-80.2,37.99,9.17
454,quatre cocos,40,MU,1554490441,88,-20.21,57.76,78.8,8.05
455,tarakan,20,ID,1554487200,94,3.3,117.63,77.0,4.97
456,labuhan,24,ID,1554490449,96,-2.54,115.51,71.96,1.83
457,vawkavysk,0,BY,1554490449,49,53.15,24.45,46.4,10.22
458,bang saphan,32,TH,1554490449,91,11.21,99.51,81.59,4.74
459,alepe,20,CI,1554489000,74,5.5,-3.66,84.2,5.82
460,bainbridge,92,US,1554490205,60,30.9,-84.58,75.2,5.64
461,yangambi,0,CD,1554490449,80,0.77,24.47,83.3,1.72
462,kudahuvadhoo,0,MV,1554490450,100,2.67,72.89,83.84,4.41
463,kaniama,32,CD,1554490450,85,-7.57,24.18,75.56,1.39
464,ekhabi,8,RU,1554490450,84,53.51,142.97,21.56,11.34
465,puerto suarez,75,BO,1554488340,74,-18.96,-57.8,89.6,27.51
466,pecos,1,US,1554489725,20,31.42,-103.49,80.01,3.36
467,san ignacio,0,CL,1554487200,37,-36.8,-72.03,71.6,6.93
468,eidsvag,0,NO,1554488400,53,62.78,8.07,51.8,10.29
469,tilichiki,0,RU,1554490451,65,60.47,166.1,16.52,2.39
470,samarai,88,PG,1554490451,100,-10.62,150.67,80.33,10.67
471,kantunilkin,75,MX,1554490345,58,21.1,-87.49,86.0,17.22
472,nata,20,CY,1554490174,87,34.78,32.57,62.6,8.05
473,nalchiti,76,BD,1554490452,90,22.63,90.28,72.23,2.95
474,honavar,12,IN,1554490452,96,14.28,74.45,78.71,5.97
475,missoula,90,US,1554490241,70,46.87,-114.0,55.0,3.36
476,kalanguy,0,RU,1554490452,60,51.01,116.52,14.54,5.64
477,san cristobal,40,EC,1554489914,49,-0.39,-78.55,73.4,13.87
478,gazojak,0,TM,1554490453,66,41.19,61.4,50.81,9.66
479,mollendo,0,PE,1554490453,62,-17.03,-72.02,75.74,3.74
480,nanortalik,88,GL,1554490453,93,60.14,-45.24,32.54,24.09
481,galt,90,US,1554490453,100,38.25,-121.3,59.0,6.93
482,sines,56,PT,1554490173,73,37.96,-8.87,54.0,11.01
483,ouro preto do oeste,76,BR,1554490454,77,-10.75,-62.22,85.1,2.84
484,kloulklubed,75,PW,1554486600,88,7.04,134.26,78.8,3.36
485,bochov,0,CZ,1554490399,54,50.15,13.05,60.01,9.17
486,yeniseysk,0,RU,1554490454,73,58.45,92.17,17.15,3.18
487,washington,90,US,1554490385,71,38.9,-77.04,51.01,9.17
488,riyadh,75,SA,1554487200,39,24.63,46.72,80.6,10.29
489,wexford,90,US,1554490429,71,40.63,-80.06,55.99,4.7
490,gold coast,92,AU,1554490390,82,-28.0,153.41,66.99,5.82
491,mazamari,56,PE,1554490455,94,-11.33,-74.53,70.61,1.83
492,ust-ilimsk,88,RU,1554490455,65,57.96,102.73,26.42,4.74
493,la ronge,75,CA,1554487200,58,55.1,-105.3,24.8,3.36
494,kristinehamn,88,SE,1554490400,65,59.31,14.11,41.0,11.41
495,biak,64,ID,1554490455,100,-0.91,122.88,78.71,2.39
496,kuryk,0,KZ,1554490455,70,43.18,51.68,53.51,14.03
497,opuwo,8,NA,1554490456,27,-18.06,13.84,80.33,9.55
498,concepcion de buenos aires,40,MX,1554486540,14,19.97,-103.27,78.8,6.93
499,graz,75,AT,1554490329,87,47.07,15.44,48.99,5.82
500,reconquista,48,AR,1554490456,66,-29.14,-59.64,70.07,16.82
501,jumla,48,NP,1554490456,75,29.28,82.18,29.12,1.72
502,dwarka,40,IN,1554488108,33,28.58,77.04,93.99,10.29
503,guaruja,40,BR,1554489952,55,-23.99,-46.26,91.4,6.93
504,boralday,90,KZ,1554489000,93,43.36,76.86,53.6,6.71
505,macapa,75,BR,1554487200,66,0.05,-51.07,89.6,11.41
506,nuuk,75,GL,1554486600,42,64.17,-51.74,44.6,9.17
507,basco,90,US,1554490248,87,40.33,-91.2,55.99,4.52
508,pereslavl-zalesskiy,36,RU,1554490457,70,56.74,38.86,35.69,7.43
509,shar,44,NG,1554490457,44,7.3,8.73,91.49,7.43
510,raub,64,MY,1554490458,96,3.79,101.85,71.15,0.94
511,umm kaddadah,0,SD,1554490458,10,13.6,26.69,79.61,9.78
512,gravdal,0,NO,1554490331,50,59.79,5.78,59.0,6.93
513,naica,0,MX,1554490458,27,27.86,-105.49,74.39,3.06
514,burton,90,US,1554490321,75,43.0,-83.62,55.99,4.7
515,ust-koksa,92,RU,1554490458,99,50.27,85.62,35.06,2.17
516,muana,44,BR,1554490459,88,-1.53,-49.22,83.3,4.18
517,tabuk,92,PH,1554490459,94,17.41,121.44,66.74,1.39
518,cap malheureux,40,MU,1554490441,88,-19.98,57.61,78.8,8.05
519,peto,0,MX,1554490459,37,20.13,-88.92,94.64,8.21
520,ahipara,12,NZ,1554490459,100,-35.17,173.16,53.69,3.06
521,gornopravdinsk,0,RU,1554490459,69,60.06,69.92,32.9,9.1
522,san jeronimo,0,PE,1554487200,41,-13.65,-73.37,60.8,2.39
523,okhotsk,76,RU,1554490460,77,59.36,143.24,30.83,6.87
524,lazaro cardenas,5,MX,1554490228,18,28.39,-105.62,75.0,8.05
525,norsup,56,VU,1554490460,100,-16.07,167.38,79.07,5.75
526,falmouth,75,GB,1554490203,93,50.16,-5.07,52.0,11.41
527,morro bay,90,US,1554490459,62,35.37,-120.85,62.01,3.36
528,niagara falls,90,CA,1554490445,100,43.1,-79.12,46.0,6.93
529,benguela,0,AO,1554490461,97,-12.58,13.4,82.13,4.52
530,dabakala,76,CI,1554490461,40,8.36,-4.43,94.37,5.08
531,latung,8,ID,1554490461,94,-8.45,120.42,69.89,2.95
532,dunedin,0,NZ,1554490110,88,-45.87,170.5,42.01,1.99
533,vakhrushev,88,RU,1554490461,82,48.99,142.86,29.03,7.31
534,mashhad,40,IR,1554487200,72,36.3,59.61,59.0,9.17
535,alenquer,40,BR,1554487200,79,-1.95,-54.74,86.0,5.82
536,ardrossan,40,GB,1554490419,57,55.65,-4.81,51.8,3.36
537,dalvik,0,SE,1554489977,43,57.79,14.13,50.0,8.05
538,talara,0,PE,1554487200,290,-4.58,-81.27,62.6,11.41
539,phatthalung,20,TH,1554487200,88,7.62,100.08,78.8,2.24
540,jamsa,0,FI,1554490363,65,61.86,25.19,41.0,4.7
541,huaicheng,0,CN,1554490462,90,23.91,112.19,57.83,2.39
